<?xml version="1.0" encoding="UTF-8"?>
<project-private xmlns="http://www.netbeans.org/ns/project-private/1">
    <editor-bookmarks xmlns="http://www.netbeans.org/ns/editor-bookmarks/2" lastBookmarkId="0"/>
    <open-files xmlns="http://www.netbeans.org/ns/projectui-open-files/2">
        <group>
            <file>file:/C:/Users/Victoria/Google%20Drive/CATEDRAS/2020_TALLER_PROGRA/OBJETOS/TP2020_ProyectoAlumnos/src/tema1/Ej03Jugadores.java</file>
            <file>file:/C:/Users/Victoria/Google%20Drive/CATEDRAS/2020_TALLER_PROGRA/OBJETOS/TP2020_ProyectoAlumnos/src/tema1/Ej04Matrices.java</file>
        </group>
    </open-files>
</project-private>
