<?xml version="1.0" encoding="UTF-8"?>
<project-private xmlns="http://www.netbeans.org/ns/project-private/1">
    <editor-bookmarks xmlns="http://www.netbeans.org/ns/editor-bookmarks/2" lastBookmarkId="0"/>
    <open-files xmlns="http://www.netbeans.org/ns/projectui-open-files/2">
        <group>
            <file>file:/D:/GoogleDrive/CATEDRAS/2022_TALLER_PROGRA/TP2022_ProyectoAlumnos/src/tema5/DemoFiguras.java</file>
            <file>file:/D:/GoogleDrive/CATEDRAS/2022_TALLER_PROGRA/TP2022_ProyectoAlumnos/src/tema4/Libro.java</file>
            <file>file:/D:/GoogleDrive/CATEDRAS/2022_TALLER_PROGRA/TP2022_ProyectoAlumnos/src/tema5/Rectangulo.java</file>
            <file>file:/D:/GoogleDrive/CATEDRAS/2022_TALLER_PROGRA/TP2022_ProyectoAlumnos/src/tema5/Cuadrado.java</file>
        </group>
    </open-files>
</project-private>
